{"CMC": 0.824999988079071, "Average Precision": 0.20482917064931777, "_timestamp": 1719242940.916849, "_runtime": 2638.1148397922516, "_step": 9, "_wandb": {"runtime": 2876}}