{"CMC": 0.8269230723381042, "Average Precision": 0.1926748746871439, "_timestamp": 1719288898.6833344, "_runtime": 19.556206464767456, "_step": 0, "_wandb": {"runtime": 62}}