{"CMC": 0.7692307829856873, "Average Precision": 0.19096528220598685, "_timestamp": 1719264610.6270292, "_runtime": 32.55463528633118, "_step": 0, "_wandb": {"runtime": 176}}