{"CMC": 0.824999988079071, "Average Precision": 0.17757454933028832, "_timestamp": 1719311752.7408762, "_runtime": 126.37066125869751, "_step": 2, "_wandb": {"runtime": 125}}