{"CMC": 0.6730769276618958, "Average Precision": 0.1890673929550974, "_timestamp": 1719290130.2907407, "_runtime": 1137.2978236675262, "_step": 10, "_wandb": {"runtime": 1177}}