{"CMC": 0.75, "Average Precision": 0.18923709931997285, "_timestamp": 1719284797.592645, "_runtime": 894.9423680305481, "_step": 7, "_wandb": {"runtime": 983}}