{"CMC": 0.8653846383094788, "Average Precision": 0.19115853687859435, "_timestamp": 1719265124.978583, "_runtime": 24.268944025039673, "_step": 0, "_wandb": {"runtime": 125}}