{"CMC": 0.7307692170143127, "Average Precision": 0.1974207629190194, "_timestamp": 1719260139.1801705, "_runtime": 494.18258357048035, "_step": 2, "_wandb": {"runtime": 585}}