{"CMC": 0.875, "Average Precision": 0.1950782677974138, "_timestamp": 1719249325.6926105, "_runtime": 18.873756408691406, "_step": 0, "_wandb": {"runtime": 467}}