{"CMC": 0.949999988079071, "Average Precision": 0.21155516835444982, "_timestamp": 1719252904.730222, "_runtime": 3025.467297077179, "_step": 10, "_wandb": {"runtime": 3073}}