{"CMC": 0.7884615659713745, "Average Precision": 0.19866329883827197, "_timestamp": 1719286764.606827, "_runtime": 369.44293308258057, "_step": 2, "_wandb": {"runtime": 369}}