{"CMC": 0.75, "Average Precision": 0.15681321649197805, "_timestamp": 1719310205.2506382, "_runtime": 65.10780835151672, "_step": 0, "_wandb": {"runtime": 113}}