{"CMC": 0.692307710647583, "Average Precision": 0.2153181551310271, "_timestamp": 1719253888.3533158, "_runtime": 489.427640914917, "_step": 2, "_wandb": {"runtime": 522}}