{"CMC": 0.6730769276618958, "Average Precision": 0.18960506252257614, "_timestamp": 1719261251.0029335, "_runtime": 994.6254904270172, "_step": 4, "_wandb": {"runtime": 1119}}