{"CMC": 0.8500000238418579, "Average Precision": 0.19021500550977533, "_timestamp": 1719240262.673788, "_runtime": 30.94533395767212, "_step": 0, "_wandb": {"runtime": 44}}