{"CMC": 0.8500000238418579, "Average Precision": 0.18805786809355884, "_timestamp": 1719254592.4388146, "_runtime": 289.37064361572266, "_step": 1, "_wandb": {"runtime": 3064}}