{"CMC": 0.692307710647583, "Average Precision": 0.21556003622495, "_timestamp": 1719254037.521905, "_runtime": 24.245234966278076, "_step": 0, "_wandb": {"runtime": 133}}