{"CMC": 0.5769230723381042, "Average Precision": 0.18146895457156548, "_timestamp": 1719292565.2830048, "_runtime": 1147.6819536685944, "_step": 10, "_wandb": {"runtime": 1187}}