{"CMC": 0.692307710647583, "Average Precision": 0.1908464913770711, "_timestamp": 1719267802.2768993, "_runtime": 2444.036039352417, "_step": 10, "_wandb": {"runtime": 2485}}