{"CMC": 0.8269230723381042, "Average Precision": 0.19560343592509832, "_timestamp": 1719283842.571393, "_runtime": 257.9653830528259, "_step": 2, "_wandb": {"runtime": 295}}