{"CMC": 0.7307692170143127, "Average Precision": -1.7035179171829973, "_timestamp": 1719259588.2915154, "_runtime": 24.299001455307007, "_step": 0, "_wandb": {"runtime": 52}}