{"CMC": 0.692307710647583, "Average Precision": 0.1841149789576258, "_timestamp": 1719288171.3383696, "_runtime": 1158.4948456287384, "_step": 10, "_wandb": {"runtime": 1198}}