{"CMC": 0.8846153616905212, "Average Precision": 0.19487220065523259, "_timestamp": 1719286945.2396278, "_runtime": 25.05907893180847, "_step": 0, "_wandb": {"runtime": 69}}