{"CMC": 0.6730769276618958, "Average Precision": 0.18912891671886592, "_timestamp": 1719309610.0472004, "_runtime": 21.208308458328247, "_step": 0, "_wandb": {"runtime": 39}}