{"CMC": 0.8269230723381042, "Average Precision": 0.18901590952181146, "_timestamp": 1719288752.0863526, "_runtime": 137.88307857513428, "_step": 1, "_wandb": {"runtime": 191}}