{"CMC": 0.8846153616905212, "Average Precision": 0.19674200950140766, "_timestamp": 1719264912.6677554, "_runtime": 20.451240301132202, "_step": 0, "_wandb": {"runtime": 59}}