{"CMC": 0.7884615659713745, "Average Precision": 0.18540856676372716, "_timestamp": 1719291337.2063649, "_runtime": 20.780041933059692, "_step": 0, "_wandb": {"runtime": 73}}