{"CMC": 0.7884615659713745, "Average Precision": 0.1867067323800827, "_timestamp": 1719291252.2728896, "_runtime": 447.65594267845154, "_step": 4, "_wandb": {"runtime": 487}}