{"CMC": 0.875, "Average Precision": 0.19186858775709167, "_timestamp": 1719248538.3278306, "_runtime": 25.72136163711548, "_step": 0, "_wandb": {"runtime": 507}}