{"CMC": 0.7115384340286255, "Average Precision": 0.1900040153631477, "_timestamp": 1719290741.8470545, "_runtime": 104.8772714138031, "_step": 1, "_wandb": {"runtime": 151}}