{"CMC": 0.7115384340286255, "Average Precision": 0.1968427112192735, "_timestamp": 1719264066.1501844, "_runtime": 2533.447772502899, "_step": 10, "_wandb": {"runtime": 2573}}