{"CMC": 0.9038461446762085, "Average Precision": 0.19716170377124687, "_timestamp": 1719261456.628278, "_runtime": 20.401129961013794, "_step": 0, "_wandb": {"runtime": 71}}