{"CMC": 0.925000011920929, "Average Precision": 0.19853413998234568, "_timestamp": 1719249258.6873684, "_runtime": 18.318336486816406, "_step": 0, "_wandb": {"runtime": 51}}