{"CMC": 0.8999999761581421, "Average Precision": 0.19421819102236385, "_timestamp": 1719249112.8207512, "_runtime": 18.739572286605835, "_step": 0, "_wandb": {"runtime": 76}}