{"CMC": 0.7692307829856873, "Average Precision": 0.21501996701187046, "_timestamp": 1719239620.7229996, "_runtime": 724.1365785598755, "_step": 3, "_wandb": {"runtime": 881}}