{"CMC": 0.800000011920929, "Average Precision": 0.17950239288714573, "_timestamp": 1719559865.6673877, "_runtime": 704.4675967693329, "_step": 10, "_wandb": {"runtime": 724}}