{"CMC": 0.7115384340286255, "Average Precision": 0.18852798505242668, "_timestamp": 1719286153.7710977, "_runtime": 1027.0657556056976, "_step": 5, "_wandb": {"runtime": 1221}}