{"CMC": 0.925000011920929, "Average Precision": 0.18493471752619492, "_timestamp": 1719550619.6438901, "_runtime": 137.7455871105194, "_step": 2, "_wandb": {"runtime": 952}}