{"CMC": 0.8999999761581421, "Average Precision": 0.2075044428759524, "_timestamp": 1719246218.5032063, "_runtime": 3006.3864953517914, "_step": 10, "_wandb": {"runtime": 3054}}